zip_code,year,total_population,median_household_income,median_home_value,labor_force,total_housing_units,occupied_housing_units,vacant_housing_units
60601,2016,16292.0,127323.0,495400.0,11174.0,10727.0,9629.0,7031.0
60601,2017,16292.0,127323.0,495400.0,11174.0,10727.0,9629.0,7031.0
60601,2018,16292.0,127323.0,495400.0,11174.0,10727.0,9629.0,7031.0
60601,2019,16292.0,127323.0,495400.0,11174.0,10727.0,9629.0,7031.0
60601,2020,16292.0,127323.0,495400.0,11174.0,10727.0,9629.0,7031.0
60601,2021,16292.0,127323.0,495400.0,11174.0,10727.0,9629.0,7031.0
60601,2022,16292.0,127323.0,495400.0,11174.0,10727.0,9629.0,7031.0
60601,2023,16292.0,127323.0,495400.0,11174.0,10727.0,9629.0,7031.0
60601,2015,16292.0,127323.0,495400.0,11174.0,10727.0,9629.0,7031.0
60602,2016,1127.0,123047.0,383300.0,848.0,551.0,551.0,296.0
60602,2017,1127.0,123047.0,383300.0,848.0,551.0,551.0,296.0
60602,2018,1127.0,123047.0,383300.0,848.0,551.0,551.0,296.0
60602,2019,1127.0,123047.0,383300.0,848.0,551.0,551.0,296.0
60602,2020,1127.0,123047.0,383300.0,848.0,551.0,551.0,296.0
60602,2021,1127.0,123047.0,383300.0,848.0,551.0,551.0,296.0
60602,2022,1127.0,123047.0,383300.0,848.0,551.0,551.0,296.0
60602,2023,1127.0,123047.0,383300.0,848.0,551.0,551.0,296.0
60602,2015,1127.0,123047.0,383300.0,848.0,551.0,551.0,296.0
60603,2016,1126.0,128107.0,608100.0,772.0,984.0,719.0,258.0
60603,2017,1126.0,128107.0,608100.0,772.0,984.0,719.0,258.0
60603,2018,1126.0,128107.0,608100.0,772.0,984.0,719.0,258.0
60603,2019,1126.0,128107.0,608100.0,772.0,984.0,719.0,258.0
60603,2020,1126.0,128107.0,608100.0,772.0,984.0,719.0,258.0
60603,2021,1126.0,128107.0,608100.0,772.0,984.0,719.0,258.0
60603,2022,1126.0,128107.0,608100.0,772.0,984.0,719.0,258.0
60603,2023,1126.0,128107.0,608100.0,772.0,984.0,719.0,258.0
60603,2015,1126.0,128107.0,608100.0,772.0,984.0,719.0,258.0
60604,2016,653.0,77806.0,577700.0,440.0,510.0,383.0,219.0
60604,2017,653.0,77806.0,577700.0,440.0,510.0,383.0,219.0
60604,2018,653.0,77806.0,577700.0,440.0,510.0,383.0,219.0
60604,2019,653.0,77806.0,577700.0,440.0,510.0,383.0,219.0
60604,2020,653.0,77806.0,577700.0,440.0,510.0,383.0,219.0
60604,2021,653.0,77806.0,577700.0,440.0,510.0,383.0,219.0
60604,2022,653.0,77806.0,577700.0,440.0,510.0,383.0,219.0
60604,2023,653.0,77806.0,577700.0,440.0,510.0,383.0,219.0
60604,2015,653.0,77806.0,577700.0,440.0,510.0,383.0,219.0
60605,2016,34256.0,118403.0,495900.0,23504.0,20478.0,18822.0,11187.0
60605,2017,34256.0,118403.0,495900.0,23504.0,20478.0,18822.0,11187.0
60605,2018,34256.0,118403.0,495900.0,23504.0,20478.0,18822.0,11187.0
60605,2019,34256.0,118403.0,495900.0,23504.0,20478.0,18822.0,11187.0
60605,2020,34256.0,118403.0,495900.0,23504.0,20478.0,18822.0,11187.0
60605,2021,34256.0,118403.0,495900.0,23504.0,20478.0,18822.0,11187.0
60605,2022,34256.0,118403.0,495900.0,23504.0,20478.0,18822.0,11187.0
60605,2023,34256.0,118403.0,495900.0,23504.0,20478.0,18822.0,11187.0
60605,2015,34256.0,118403.0,495900.0,23504.0,20478.0,18822.0,11187.0
60606,2016,3527.0,139148.0,366500.0,3244.0,3032.0,2637.0,1932.0
60606,2017,3527.0,139148.0,366500.0,3244.0,3032.0,2637.0,1932.0
60606,2018,3527.0,139148.0,366500.0,3244.0,3032.0,2637.0,1932.0
60606,2019,3527.0,139148.0,366500.0,3244.0,3032.0,2637.0,1932.0
60606,2020,3527.0,139148.0,366500.0,3244.0,3032.0,2637.0,1932.0
60606,2021,3527.0,139148.0,366500.0,3244.0,3032.0,2637.0,1932.0
60606,2022,3527.0,139148.0,366500.0,3244.0,3032.0,2637.0,1932.0
60606,2023,3527.0,139148.0,366500.0,3244.0,3032.0,2637.0,1932.0
60606,2015,3527.0,139148.0,366500.0,3244.0,3032.0,2637.0,1932.0
60607,2016,30197.0,126307.0,494300.0,21156.0,16540.0,15037.0,8783.0
60607,2017,30197.0,126307.0,494300.0,21156.0,16540.0,15037.0,8783.0
60607,2018,30197.0,126307.0,494300.0,21156.0,16540.0,15037.0,8783.0
60607,2019,30197.0,126307.0,494300.0,21156.0,16540.0,15037.0,8783.0
60607,2020,30197.0,126307.0,494300.0,21156.0,16540.0,15037.0,8783.0
60607,2021,30197.0,126307.0,494300.0,21156.0,16540.0,15037.0,8783.0
60607,2022,30197.0,126307.0,494300.0,21156.0,16540.0,15037.0,8783.0
60607,2023,30197.0,126307.0,494300.0,21156.0,16540.0,15037.0,8783.0
60607,2015,30197.0,126307.0,494300.0,21156.0,16540.0,15037.0,8783.0
60608,2016,81459.0,70704.0,341500.0,42715.0,32617.0,30070.0,17984.0
60608,2017,81459.0,70704.0,341500.0,42715.0,32617.0,30070.0,17984.0
60608,2018,81459.0,70704.0,341500.0,42715.0,32617.0,30070.0,17984.0
60608,2019,81459.0,70704.0,341500.0,42715.0,32617.0,30070.0,17984.0
60608,2020,81459.0,70704.0,341500.0,42715.0,32617.0,30070.0,17984.0
60608,2021,81459.0,70704.0,341500.0,42715.0,32617.0,30070.0,17984.0
60608,2022,81459.0,70704.0,341500.0,42715.0,32617.0,30070.0,17984.0
60608,2023,81459.0,70704.0,341500.0,42715.0,32617.0,30070.0,17984.0
60608,2015,81459.0,70704.0,341500.0,42715.0,32617.0,30070.0,17984.0
60609,2016,64268.0,54142.0,251600.0,32510.0,26122.0,23174.0,13533.0
60609,2017,64268.0,54142.0,251600.0,32510.0,26122.0,23174.0,13533.0
60609,2018,64268.0,54142.0,251600.0,32510.0,26122.0,23174.0,13533.0
60609,2019,64268.0,54142.0,251600.0,32510.0,26122.0,23174.0,13533.0
60609,2020,64268.0,54142.0,251600.0,32510.0,26122.0,23174.0,13533.0
60609,2021,64268.0,54142.0,251600.0,32510.0,26122.0,23174.0,13533.0
60609,2022,64268.0,54142.0,251600.0,32510.0,26122.0,23174.0,13533.0
60609,2023,64268.0,54142.0,251600.0,32510.0,26122.0,23174.0,13533.0
60609,2015,64268.0,54142.0,251600.0,32510.0,26122.0,23174.0,13533.0
60610,2016,45282.0,105649.0,543000.0,31747.0,30091.0,27145.0,17844.0
60610,2017,45282.0,105649.0,543000.0,31747.0,30091.0,27145.0,17844.0
60610,2018,45282.0,105649.0,543000.0,31747.0,30091.0,27145.0,17844.0
60610,2019,45282.0,105649.0,543000.0,31747.0,30091.0,27145.0,17844.0
60610,2020,45282.0,105649.0,543000.0,31747.0,30091.0,27145.0,17844.0
60610,2021,45282.0,105649.0,543000.0,31747.0,30091.0,27145.0,17844.0
60610,2022,45282.0,105649.0,543000.0,31747.0,30091.0,27145.0,17844.0
60610,2023,45282.0,105649.0,543000.0,31747.0,30091.0,27145.0,17844.0
60610,2015,45282.0,105649.0,543000.0,31747.0,30091.0,27145.0,17844.0
60611,2016,36036.0,124621.0,608200.0,25203.0,28239.0,23564.0,13345.0
60611,2017,36036.0,124621.0,608200.0,25203.0,28239.0,23564.0,13345.0
60611,2018,36036.0,124621.0,608200.0,25203.0,28239.0,23564.0,13345.0
60611,2019,36036.0,124621.0,608200.0,25203.0,28239.0,23564.0,13345.0
60611,2020,36036.0,124621.0,608200.0,25203.0,28239.0,23564.0,13345.0
60611,2021,36036.0,124621.0,608200.0,25203.0,28239.0,23564.0,13345.0
60611,2022,36036.0,124621.0,608200.0,25203.0,28239.0,23564.0,13345.0
60611,2023,36036.0,124621.0,608200.0,25203.0,28239.0,23564.0,13345.0
60611,2015,36036.0,124621.0,608200.0,25203.0,28239.0,23564.0,13345.0
60612,2016,34699.0,60457.0,331600.0,18784.0,16763.0,14934.0,10333.0
60612,2017,34699.0,60457.0,331600.0,18784.0,16763.0,14934.0,10333.0
60612,2018,34699.0,60457.0,331600.0,18784.0,16763.0,14934.0,10333.0
60612,2019,34699.0,60457.0,331600.0,18784.0,16763.0,14934.0,10333.0
60612,2020,34699.0,60457.0,331600.0,18784.0,16763.0,14934.0,10333.0
60612,2021,34699.0,60457.0,331600.0,18784.0,16763.0,14934.0,10333.0
60612,2022,34699.0,60457.0,331600.0,18784.0,16763.0,14934.0,10333.0
60612,2023,34699.0,60457.0,331600.0,18784.0,16763.0,14934.0,10333.0
60612,2015,34699.0,60457.0,331600.0,18784.0,16763.0,14934.0,10333.0
60613,2016,51334.0,91351.0,397800.0,37590.0,31263.0,28784.0,17967.0
60613,2017,51334.0,91351.0,397800.0,37590.0,31263.0,28784.0,17967.0
60613,2018,51334.0,91351.0,397800.0,37590.0,31263.0,28784.0,17967.0
60613,2019,51334.0,91351.0,397800.0,37590.0,31263.0,28784.0,17967.0
60613,2020,51334.0,91351.0,397800.0,37590.0,31263.0,28784.0,17967.0
60613,2021,51334.0,91351.0,397800.0,37590.0,31263.0,28784.0,17967.0
60613,2022,51334.0,91351.0,397800.0,37590.0,31263.0,28784.0,17967.0
60613,2023,51334.0,91351.0,397800.0,37590.0,31263.0,28784.0,17967.0
60613,2015,51334.0,91351.0,397800.0,37590.0,31263.0,28784.0,17967.0
60614,2016,70444.0,139561.0,730700.0,47061.0,38089.0,34603.0,18989.0
60614,2017,70444.0,139561.0,730700.0,47061.0,38089.0,34603.0,18989.0
60614,2018,70444.0,139561.0,730700.0,47061.0,38089.0,34603.0,18989.0
60614,2019,70444.0,139561.0,730700.0,47061.0,38089.0,34603.0,18989.0
60614,2020,70444.0,139561.0,730700.0,47061.0,38089.0,34603.0,18989.0
60614,2021,70444.0,139561.0,730700.0,47061.0,38089.0,34603.0,18989.0
60614,2022,70444.0,139561.0,730700.0,47061.0,38089.0,34603.0,18989.0
60614,2023,70444.0,139561.0,730700.0,47061.0,38089.0,34603.0,18989.0
60614,2015,70444.0,139561.0,730700.0,47061.0,38089.0,34603.0,18989.0
60615,2016,42752.0,62105.0,305200.0,24624.0,24997.0,22430.0,15284.0
60615,2017,42752.0,62105.0,305200.0,24624.0,24997.0,22430.0,15284.0
60615,2018,42752.0,62105.0,305200.0,24624.0,24997.0,22430.0,15284.0
60615,2019,42752.0,62105.0,305200.0,24624.0,24997.0,22430.0,15284.0
60615,2020,42752.0,62105.0,305200.0,24624.0,24997.0,22430.0,15284.0
60615,2021,42752.0,62105.0,305200.0,24624.0,24997.0,22430.0,15284.0
60615,2022,42752.0,62105.0,305200.0,24624.0,24997.0,22430.0,15284.0
60615,2023,42752.0,62105.0,305200.0,24624.0,24997.0,22430.0,15284.0
60615,2015,42752.0,62105.0,305200.0,24624.0,24997.0,22430.0,15284.0
60616,2016,54456.0,77841.0,387300.0,31321.0,26912.0,25360.0,15384.0
60616,2017,54456.0,77841.0,387300.0,31321.0,26912.0,25360.0,15384.0
60616,2018,54456.0,77841.0,387300.0,31321.0,26912.0,25360.0,15384.0
60616,2019,54456.0,77841.0,387300.0,31321.0,26912.0,25360.0,15384.0
60616,2020,54456.0,77841.0,387300.0,31321.0,26912.0,25360.0,15384.0
60616,2021,54456.0,77841.0,387300.0,31321.0,26912.0,25360.0,15384.0
60616,2022,54456.0,77841.0,387300.0,31321.0,26912.0,25360.0,15384.0
60616,2023,54456.0,77841.0,387300.0,31321.0,26912.0,25360.0,15384.0
60616,2015,54456.0,77841.0,387300.0,31321.0,26912.0,25360.0,15384.0
60617,2016,79284.0,51237.0,168200.0,36507.0,35031.0,30248.0,13251.0
60617,2017,79284.0,51237.0,168200.0,36507.0,35031.0,30248.0,13251.0
60617,2018,79284.0,51237.0,168200.0,36507.0,35031.0,30248.0,13251.0
60617,2019,79284.0,51237.0,168200.0,36507.0,35031.0,30248.0,13251.0
60617,2020,79284.0,51237.0,168200.0,36507.0,35031.0,30248.0,13251.0
60617,2021,79284.0,51237.0,168200.0,36507.0,35031.0,30248.0,13251.0
60617,2022,79284.0,51237.0,168200.0,36507.0,35031.0,30248.0,13251.0
60617,2023,79284.0,51237.0,168200.0,36507.0,35031.0,30248.0,13251.0
60617,2015,79284.0,51237.0,168200.0,36507.0,35031.0,30248.0,13251.0
60618,2016,91896.0,101558.0,538300.0,57375.0,41053.0,37745.0,19384.0
60618,2017,91896.0,101558.0,538300.0,57375.0,41053.0,37745.0,19384.0
60618,2018,91896.0,101558.0,538300.0,57375.0,41053.0,37745.0,19384.0
60618,2019,91896.0,101558.0,538300.0,57375.0,41053.0,37745.0,19384.0
60618,2020,91896.0,101558.0,538300.0,57375.0,41053.0,37745.0,19384.0
60618,2021,91896.0,101558.0,538300.0,57375.0,41053.0,37745.0,19384.0
60618,2022,91896.0,101558.0,538300.0,57375.0,41053.0,37745.0,19384.0
60618,2023,91896.0,101558.0,538300.0,57375.0,41053.0,37745.0,19384.0
60618,2015,91896.0,101558.0,538300.0,57375.0,41053.0,37745.0,19384.0
60619,2016,59892.0,43403.0,213000.0,29150.0,33547.0,28016.0,15881.0
60619,2017,59892.0,43403.0,213000.0,29150.0,33547.0,28016.0,15881.0
60619,2018,59892.0,43403.0,213000.0,29150.0,33547.0,28016.0,15881.0
60619,2019,59892.0,43403.0,213000.0,29150.0,33547.0,28016.0,15881.0
60619,2020,59892.0,43403.0,213000.0,29150.0,33547.0,28016.0,15881.0
60619,2021,59892.0,43403.0,213000.0,29150.0,33547.0,28016.0,15881.0
60619,2022,59892.0,43403.0,213000.0,29150.0,33547.0,28016.0,15881.0
60619,2023,59892.0,43403.0,213000.0,29150.0,33547.0,28016.0,15881.0
60619,2015,59892.0,43403.0,213000.0,29150.0,33547.0,28016.0,15881.0
60620,2016,66511.0,48805.0,187900.0,29424.0,30008.0,25896.0,12994.0
60620,2017,66511.0,48805.0,187900.0,29424.0,30008.0,25896.0,12994.0
60620,2018,66511.0,48805.0,187900.0,29424.0,30008.0,25896.0,12994.0
60620,2019,66511.0,48805.0,187900.0,29424.0,30008.0,25896.0,12994.0
60620,2020,66511.0,48805.0,187900.0,29424.0,30008.0,25896.0,12994.0
60620,2021,66511.0,48805.0,187900.0,29424.0,30008.0,25896.0,12994.0
60620,2022,66511.0,48805.0,187900.0,29424.0,30008.0,25896.0,12994.0
60620,2023,66511.0,48805.0,187900.0,29424.0,30008.0,25896.0,12994.0
60620,2015,66511.0,48805.0,187900.0,29424.0,30008.0,25896.0,12994.0
60621,2016,27318.0,33235.0,161900.0,11720.0,15348.0,11382.0,8536.0
60621,2017,27318.0,33235.0,161900.0,11720.0,15348.0,11382.0,8536.0
60621,2018,27318.0,33235.0,161900.0,11720.0,15348.0,11382.0,8536.0
60621,2019,27318.0,33235.0,161900.0,11720.0,15348.0,11382.0,8536.0
60621,2020,27318.0,33235.0,161900.0,11720.0,15348.0,11382.0,8536.0
60621,2021,27318.0,33235.0,161900.0,11720.0,15348.0,11382.0,8536.0
60621,2022,27318.0,33235.0,161900.0,11720.0,15348.0,11382.0,8536.0
60621,2023,27318.0,33235.0,161900.0,11720.0,15348.0,11382.0,8536.0
60621,2015,27318.0,33235.0,161900.0,11720.0,15348.0,11382.0,8536.0
60622,2016,53696.0,124852.0,622900.0,39306.0,27630.0,25594.0,14834.0
60622,2017,53696.0,124852.0,622900.0,39306.0,27630.0,25594.0,14834.0
60622,2018,53696.0,124852.0,622900.0,39306.0,27630.0,25594.0,14834.0
60622,2019,53696.0,124852.0,622900.0,39306.0,27630.0,25594.0,14834.0
60622,2020,53696.0,124852.0,622900.0,39306.0,27630.0,25594.0,14834.0
60622,2021,53696.0,124852.0,622900.0,39306.0,27630.0,25594.0,14834.0
60622,2022,53696.0,124852.0,622900.0,39306.0,27630.0,25594.0,14834.0
60622,2023,53696.0,124852.0,622900.0,39306.0,27630.0,25594.0,14834.0
60622,2015,53696.0,124852.0,622900.0,39306.0,27630.0,25594.0,14834.0
60623,2016,77061.0,44040.0,221400.0,34376.0,31300.0,27450.0,16915.0
60623,2017,77061.0,44040.0,221400.0,34376.0,31300.0,27450.0,16915.0
60623,2018,77061.0,44040.0,221400.0,34376.0,31300.0,27450.0,16915.0
60623,2019,77061.0,44040.0,221400.0,34376.0,31300.0,27450.0,16915.0
60623,2020,77061.0,44040.0,221400.0,34376.0,31300.0,27450.0,16915.0
60623,2021,77061.0,44040.0,221400.0,34376.0,31300.0,27450.0,16915.0
60623,2022,77061.0,44040.0,221400.0,34376.0,31300.0,27450.0,16915.0
60623,2023,77061.0,44040.0,221400.0,34376.0,31300.0,27450.0,16915.0
60623,2015,77061.0,44040.0,221400.0,34376.0,31300.0,27450.0,16915.0
60624,2016,35711.0,32607.0,223200.0,15210.0,16250.0,13435.0,9891.0
60624,2017,35711.0,32607.0,223200.0,15210.0,16250.0,13435.0,9891.0
60624,2018,35711.0,32607.0,223200.0,15210.0,16250.0,13435.0,9891.0
60624,2019,35711.0,32607.0,223200.0,15210.0,16250.0,13435.0,9891.0
60624,2020,35711.0,32607.0,223200.0,15210.0,16250.0,13435.0,9891.0
60624,2021,35711.0,32607.0,223200.0,15210.0,16250.0,13435.0,9891.0
60624,2022,35711.0,32607.0,223200.0,15210.0,16250.0,13435.0,9891.0
60624,2023,35711.0,32607.0,223200.0,15210.0,16250.0,13435.0,9891.0
60624,2015,35711.0,32607.0,223200.0,15210.0,16250.0,13435.0,9891.0
60625,2016,78467.0,85299.0,396700.0,48199.0,33932.0,31681.0,18903.0
60625,2017,78467.0,85299.0,396700.0,48199.0,33932.0,31681.0,18903.0
60625,2018,78467.0,85299.0,396700.0,48199.0,33932.0,31681.0,18903.0
60625,2019,78467.0,85299.0,396700.0,48199.0,33932.0,31681.0,18903.0
60625,2020,78467.0,85299.0,396700.0,48199.0,33932.0,31681.0,18903.0
60625,2021,78467.0,85299.0,396700.0,48199.0,33932.0,31681.0,18903.0
60625,2022,78467.0,85299.0,396700.0,48199.0,33932.0,31681.0,18903.0
60625,2023,78467.0,85299.0,396700.0,48199.0,33932.0,31681.0,18903.0
60625,2015,78467.0,85299.0,396700.0,48199.0,33932.0,31681.0,18903.0
60626,2016,50027.0,57452.0,269000.0,30108.0,26812.0,24103.0,17680.0
60626,2017,50027.0,57452.0,269000.0,30108.0,26812.0,24103.0,17680.0
60626,2018,50027.0,57452.0,269000.0,30108.0,26812.0,24103.0,17680.0
60626,2019,50027.0,57452.0,269000.0,30108.0,26812.0,24103.0,17680.0
60626,2020,50027.0,57452.0,269000.0,30108.0,26812.0,24103.0,17680.0
60626,2021,50027.0,57452.0,269000.0,30108.0,26812.0,24103.0,17680.0
60626,2022,50027.0,57452.0,269000.0,30108.0,26812.0,24103.0,17680.0
60626,2023,50027.0,57452.0,269000.0,30108.0,26812.0,24103.0,17680.0
60626,2015,50027.0,57452.0,269000.0,30108.0,26812.0,24103.0,17680.0
60628,2016,59212.0,49719.0,158500.0,27013.0,28736.0,23170.0,9776.0
60628,2017,59212.0,49719.0,158500.0,27013.0,28736.0,23170.0,9776.0
60628,2018,59212.0,49719.0,158500.0,27013.0,28736.0,23170.0,9776.0
60628,2019,59212.0,49719.0,158500.0,27013.0,28736.0,23170.0,9776.0
60628,2020,59212.0,49719.0,158500.0,27013.0,28736.0,23170.0,9776.0
60628,2021,59212.0,49719.0,158500.0,27013.0,28736.0,23170.0,9776.0
60628,2022,59212.0,49719.0,158500.0,27013.0,28736.0,23170.0,9776.0
60628,2023,59212.0,49719.0,158500.0,27013.0,28736.0,23170.0,9776.0
60628,2015,59212.0,49719.0,158500.0,27013.0,28736.0,23170.0,9776.0
60629,2016,109292.0,58813.0,236300.0,51137.0,36283.0,34229.0,13272.0
60629,2017,109292.0,58813.0,236300.0,51137.0,36283.0,34229.0,13272.0
60629,2018,109292.0,58813.0,236300.0,51137.0,36283.0,34229.0,13272.0
60629,2019,109292.0,58813.0,236300.0,51137.0,36283.0,34229.0,13272.0
60629,2020,109292.0,58813.0,236300.0,51137.0,36283.0,34229.0,13272.0
60629,2021,109292.0,58813.0,236300.0,51137.0,36283.0,34229.0,13272.0
60629,2022,109292.0,58813.0,236300.0,51137.0,36283.0,34229.0,13272.0
60629,2023,109292.0,58813.0,236300.0,51137.0,36283.0,34229.0,13272.0
60629,2015,109292.0,58813.0,236300.0,51137.0,36283.0,34229.0,13272.0
60630,2016,54242.0,97134.0,362900.0,30621.0,23393.0,21698.0,6805.0
60630,2017,54242.0,97134.0,362900.0,30621.0,23393.0,21698.0,6805.0
60630,2018,54242.0,97134.0,362900.0,30621.0,23393.0,21698.0,6805.0
60630,2019,54242.0,97134.0,362900.0,30621.0,23393.0,21698.0,6805.0
60630,2020,54242.0,97134.0,362900.0,30621.0,23393.0,21698.0,6805.0
60630,2021,54242.0,97134.0,362900.0,30621.0,23393.0,21698.0,6805.0
60630,2022,54242.0,97134.0,362900.0,30621.0,23393.0,21698.0,6805.0
60630,2023,54242.0,97134.0,362900.0,30621.0,23393.0,21698.0,6805.0
60630,2015,54242.0,97134.0,362900.0,30621.0,23393.0,21698.0,6805.0
60631,2016,30308.0,117688.0,431400.0,15936.0,12757.0,12144.0,3132.0
60631,2017,30308.0,117688.0,431400.0,15936.0,12757.0,12144.0,3132.0
60631,2018,30308.0,117688.0,431400.0,15936.0,12757.0,12144.0,3132.0
60631,2019,30308.0,117688.0,431400.0,15936.0,12757.0,12144.0,3132.0
60631,2020,30308.0,117688.0,431400.0,15936.0,12757.0,12144.0,3132.0
60631,2021,30308.0,117688.0,431400.0,15936.0,12757.0,12144.0,3132.0
60631,2022,30308.0,117688.0,431400.0,15936.0,12757.0,12144.0,3132.0
60631,2023,30308.0,117688.0,431400.0,15936.0,12757.0,12144.0,3132.0
60631,2015,30308.0,117688.0,431400.0,15936.0,12757.0,12144.0,3132.0
60632,2016,87831.0,60576.0,240600.0,42677.0,28860.0,27058.0,11400.0
60632,2017,87831.0,60576.0,240600.0,42677.0,28860.0,27058.0,11400.0
60632,2018,87831.0,60576.0,240600.0,42677.0,28860.0,27058.0,11400.0
60632,2019,87831.0,60576.0,240600.0,42677.0,28860.0,27058.0,11400.0
60632,2020,87831.0,60576.0,240600.0,42677.0,28860.0,27058.0,11400.0
60632,2021,87831.0,60576.0,240600.0,42677.0,28860.0,27058.0,11400.0
60632,2022,87831.0,60576.0,240600.0,42677.0,28860.0,27058.0,11400.0
60632,2023,87831.0,60576.0,240600.0,42677.0,28860.0,27058.0,11400.0
60632,2015,87831.0,60576.0,240600.0,42677.0,28860.0,27058.0,11400.0
60633,2016,12485.0,56875.0,182100.0,5836.0,5713.0,4919.0,1875.0
60633,2017,12485.0,56875.0,182100.0,5836.0,5713.0,4919.0,1875.0
60633,2018,12485.0,56875.0,182100.0,5836.0,5713.0,4919.0,1875.0
60633,2019,12485.0,56875.0,182100.0,5836.0,5713.0,4919.0,1875.0
60633,2020,12485.0,56875.0,182100.0,5836.0,5713.0,4919.0,1875.0
60633,2021,12485.0,56875.0,182100.0,5836.0,5713.0,4919.0,1875.0
60633,2022,12485.0,56875.0,182100.0,5836.0,5713.0,4919.0,1875.0
60633,2023,12485.0,56875.0,182100.0,5836.0,5713.0,4919.0,1875.0
60633,2015,12485.0,56875.0,182100.0,5836.0,5713.0,4919.0,1875.0
60634,2016,74418.0,84997.0,333900.0,40780.0,29344.0,27575.0,7176.0
60634,2017,74418.0,84997.0,333900.0,40780.0,29344.0,27575.0,7176.0
60634,2018,74418.0,84997.0,333900.0,40780.0,29344.0,27575.0,7176.0
60634,2019,74418.0,84997.0,333900.0,40780.0,29344.0,27575.0,7176.0
60634,2020,74418.0,84997.0,333900.0,40780.0,29344.0,27575.0,7176.0
60634,2021,74418.0,84997.0,333900.0,40780.0,29344.0,27575.0,7176.0
60634,2022,74418.0,84997.0,333900.0,40780.0,29344.0,27575.0,7176.0
60634,2023,74418.0,84997.0,333900.0,40780.0,29344.0,27575.0,7176.0
60634,2015,74418.0,84997.0,333900.0,40780.0,29344.0,27575.0,7176.0
60636,2016,31007.0,35077.0,150600.0,12594.0,14363.0,11444.0,5623.0
60636,2017,31007.0,35077.0,150600.0,12594.0,14363.0,11444.0,5623.0
60636,2018,31007.0,35077.0,150600.0,12594.0,14363.0,11444.0,5623.0
60636,2019,31007.0,35077.0,150600.0,12594.0,14363.0,11444.0,5623.0
60636,2020,31007.0,35077.0,150600.0,12594.0,14363.0,11444.0,5623.0
60636,2021,31007.0,35077.0,150600.0,12594.0,14363.0,11444.0,5623.0
60636,2022,31007.0,35077.0,150600.0,12594.0,14363.0,11444.0,5623.0
60636,2023,31007.0,35077.0,150600.0,12594.0,14363.0,11444.0,5623.0
60636,2015,31007.0,35077.0,150600.0,12594.0,14363.0,11444.0,5623.0
60637,2016,52418.0,42080.0,243700.0,24076.0,26717.0,22628.0,16720.0
60637,2017,52418.0,42080.0,243700.0,24076.0,26717.0,22628.0,16720.0
60637,2018,52418.0,42080.0,243700.0,24076.0,26717.0,22628.0,16720.0
60637,2019,52418.0,42080.0,243700.0,24076.0,26717.0,22628.0,16720.0
60637,2020,52418.0,42080.0,243700.0,24076.0,26717.0,22628.0,16720.0
60637,2021,52418.0,42080.0,243700.0,24076.0,26717.0,22628.0,16720.0
60637,2022,52418.0,42080.0,243700.0,24076.0,26717.0,22628.0,16720.0
60637,2023,52418.0,42080.0,243700.0,24076.0,26717.0,22628.0,16720.0
60637,2015,52418.0,42080.0,243700.0,24076.0,26717.0,22628.0,16720.0
60638,2016,58250.0,89191.0,283500.0,29420.0,21636.0,20805.0,3968.0
60638,2017,58250.0,89191.0,283500.0,29420.0,21636.0,20805.0,3968.0
60638,2018,58250.0,89191.0,283500.0,29420.0,21636.0,20805.0,3968.0
60638,2019,58250.0,89191.0,283500.0,29420.0,21636.0,20805.0,3968.0
60638,2020,58250.0,89191.0,283500.0,29420.0,21636.0,20805.0,3968.0
60638,2021,58250.0,89191.0,283500.0,29420.0,21636.0,20805.0,3968.0
60638,2022,58250.0,89191.0,283500.0,29420.0,21636.0,20805.0,3968.0
60638,2023,58250.0,89191.0,283500.0,29420.0,21636.0,20805.0,3968.0
60638,2015,58250.0,89191.0,283500.0,29420.0,21636.0,20805.0,3968.0
60639,2016,84505.0,59710.0,289000.0,41027.0,28656.0,26703.0,13998.0
60639,2017,84505.0,59710.0,289000.0,41027.0,28656.0,26703.0,13998.0
60639,2018,84505.0,59710.0,289000.0,41027.0,28656.0,26703.0,13998.0
60639,2019,84505.0,59710.0,289000.0,41027.0,28656.0,26703.0,13998.0
60639,2020,84505.0,59710.0,289000.0,41027.0,28656.0,26703.0,13998.0
60639,2021,84505.0,59710.0,289000.0,41027.0,28656.0,26703.0,13998.0
60639,2022,84505.0,59710.0,289000.0,41027.0,28656.0,26703.0,13998.0
60639,2023,84505.0,59710.0,289000.0,41027.0,28656.0,26703.0,13998.0
60639,2015,84505.0,59710.0,289000.0,41027.0,28656.0,26703.0,13998.0
60640,2016,66884.0,71030.0,363300.0,44777.0,40850.0,37727.0,25932.0
60640,2017,66884.0,71030.0,363300.0,44777.0,40850.0,37727.0,25932.0
60640,2018,66884.0,71030.0,363300.0,44777.0,40850.0,37727.0,25932.0
60640,2019,66884.0,71030.0,363300.0,44777.0,40850.0,37727.0,25932.0
60640,2020,66884.0,71030.0,363300.0,44777.0,40850.0,37727.0,25932.0
60640,2021,66884.0,71030.0,363300.0,44777.0,40850.0,37727.0,25932.0
60640,2022,66884.0,71030.0,363300.0,44777.0,40850.0,37727.0,25932.0
60640,2023,66884.0,71030.0,363300.0,44777.0,40850.0,37727.0,25932.0
60640,2015,66884.0,71030.0,363300.0,44777.0,40850.0,37727.0,25932.0
60641,2016,67400.0,81649.0,373200.0,38506.0,27377.0,25449.0,12060.0
60641,2017,67400.0,81649.0,373200.0,38506.0,27377.0,25449.0,12060.0
60641,2018,67400.0,81649.0,373200.0,38506.0,27377.0,25449.0,12060.0
60641,2019,67400.0,81649.0,373200.0,38506.0,27377.0,25449.0,12060.0
60641,2020,67400.0,81649.0,373200.0,38506.0,27377.0,25449.0,12060.0
60641,2021,67400.0,81649.0,373200.0,38506.0,27377.0,25449.0,12060.0
60641,2022,67400.0,81649.0,373200.0,38506.0,27377.0,25449.0,12060.0
60641,2023,67400.0,81649.0,373200.0,38506.0,27377.0,25449.0,12060.0
60641,2015,67400.0,81649.0,373200.0,38506.0,27377.0,25449.0,12060.0
60642,2016,21124.0,141179.0,604200.0,16467.0,12144.0,11379.0,7679.0
60642,2017,21124.0,141179.0,604200.0,16467.0,12144.0,11379.0,7679.0
60642,2018,21124.0,141179.0,604200.0,16467.0,12144.0,11379.0,7679.0
60642,2019,21124.0,141179.0,604200.0,16467.0,12144.0,11379.0,7679.0
60642,2020,21124.0,141179.0,604200.0,16467.0,12144.0,11379.0,7679.0
60642,2021,21124.0,141179.0,604200.0,16467.0,12144.0,11379.0,7679.0
60642,2022,21124.0,141179.0,604200.0,16467.0,12144.0,11379.0,7679.0
60642,2023,21124.0,141179.0,604200.0,16467.0,12144.0,11379.0,7679.0
60642,2015,21124.0,141179.0,604200.0,16467.0,12144.0,11379.0,7679.0
60643,2016,47802.0,83015.0,233900.0,22856.0,19541.0,18289.0,4897.0
60643,2017,47802.0,83015.0,233900.0,22856.0,19541.0,18289.0,4897.0
60643,2018,47802.0,83015.0,233900.0,22856.0,19541.0,18289.0,4897.0
60643,2019,47802.0,83015.0,233900.0,22856.0,19541.0,18289.0,4897.0
60643,2020,47802.0,83015.0,233900.0,22856.0,19541.0,18289.0,4897.0
60643,2021,47802.0,83015.0,233900.0,22856.0,19541.0,18289.0,4897.0
60643,2022,47802.0,83015.0,233900.0,22856.0,19541.0,18289.0,4897.0
60643,2023,47802.0,83015.0,233900.0,22856.0,19541.0,18289.0,4897.0
60643,2015,47802.0,83015.0,233900.0,22856.0,19541.0,18289.0,4897.0
60644,2016,48317.0,37952.0,238300.0,21385.0,20619.0,18748.0,13173.0
60644,2017,48317.0,37952.0,238300.0,21385.0,20619.0,18748.0,13173.0
60644,2018,48317.0,37952.0,238300.0,21385.0,20619.0,18748.0,13173.0
60644,2019,48317.0,37952.0,238300.0,21385.0,20619.0,18748.0,13173.0
60644,2020,48317.0,37952.0,238300.0,21385.0,20619.0,18748.0,13173.0
60644,2021,48317.0,37952.0,238300.0,21385.0,20619.0,18748.0,13173.0
60644,2022,48317.0,37952.0,238300.0,21385.0,20619.0,18748.0,13173.0
60644,2023,48317.0,37952.0,238300.0,21385.0,20619.0,18748.0,13173.0
60644,2015,48317.0,37952.0,238300.0,21385.0,20619.0,18748.0,13173.0
60645,2016,46856.0,77126.0,308200.0,23259.0,18143.0,16613.0,8036.0
60645,2017,46856.0,77126.0,308200.0,23259.0,18143.0,16613.0,8036.0
60645,2018,46856.0,77126.0,308200.0,23259.0,18143.0,16613.0,8036.0
60645,2019,46856.0,77126.0,308200.0,23259.0,18143.0,16613.0,8036.0
60645,2020,46856.0,77126.0,308200.0,23259.0,18143.0,16613.0,8036.0
60645,2021,46856.0,77126.0,308200.0,23259.0,18143.0,16613.0,8036.0
60645,2022,46856.0,77126.0,308200.0,23259.0,18143.0,16613.0,8036.0
60645,2023,46856.0,77126.0,308200.0,23259.0,18143.0,16613.0,8036.0
60645,2015,46856.0,77126.0,308200.0,23259.0,18143.0,16613.0,8036.0
60646,2016,28499.0,111115.0,493600.0,14294.0,11636.0,11080.0,2315.0
60646,2017,28499.0,111115.0,493600.0,14294.0,11636.0,11080.0,2315.0
60646,2018,28499.0,111115.0,493600.0,14294.0,11636.0,11080.0,2315.0
60646,2019,28499.0,111115.0,493600.0,14294.0,11636.0,11080.0,2315.0
60646,2020,28499.0,111115.0,493600.0,14294.0,11636.0,11080.0,2315.0
60646,2021,28499.0,111115.0,493600.0,14294.0,11636.0,11080.0,2315.0
60646,2022,28499.0,111115.0,493600.0,14294.0,11636.0,11080.0,2315.0
60646,2023,28499.0,111115.0,493600.0,14294.0,11636.0,11080.0,2315.0
60646,2015,28499.0,111115.0,493600.0,14294.0,11636.0,11080.0,2315.0
60647,2016,85589.0,102851.0,557300.0,57231.0,41975.0,38440.0,23711.0
60647,2017,85589.0,102851.0,557300.0,57231.0,41975.0,38440.0,23711.0
60647,2018,85589.0,102851.0,557300.0,57231.0,41975.0,38440.0,23711.0
60647,2019,85589.0,102851.0,557300.0,57231.0,41975.0,38440.0,23711.0
60647,2020,85589.0,102851.0,557300.0,57231.0,41975.0,38440.0,23711.0
60647,2021,85589.0,102851.0,557300.0,57231.0,41975.0,38440.0,23711.0
60647,2022,85589.0,102851.0,557300.0,57231.0,41975.0,38440.0,23711.0
60647,2023,85589.0,102851.0,557300.0,57231.0,41975.0,38440.0,23711.0
60647,2015,85589.0,102851.0,557300.0,57231.0,41975.0,38440.0,23711.0
60649,2016,48720.0,40142.0,199500.0,25273.0,28249.0,24326.0,18227.0
60649,2017,48720.0,40142.0,199500.0,25273.0,28249.0,24326.0,18227.0
60649,2018,48720.0,40142.0,199500.0,25273.0,28249.0,24326.0,18227.0
60649,2019,48720.0,40142.0,199500.0,25273.0,28249.0,24326.0,18227.0
60649,2020,48720.0,40142.0,199500.0,25273.0,28249.0,24326.0,18227.0
60649,2021,48720.0,40142.0,199500.0,25273.0,28249.0,24326.0,18227.0
60649,2022,48720.0,40142.0,199500.0,25273.0,28249.0,24326.0,18227.0
60649,2023,48720.0,40142.0,199500.0,25273.0,28249.0,24326.0,18227.0
60649,2015,48720.0,40142.0,199500.0,25273.0,28249.0,24326.0,18227.0
60651,2016,63892.0,52963.0,262700.0,29853.0,22885.0,20880.0,11326.0
60651,2017,63892.0,52963.0,262700.0,29853.0,22885.0,20880.0,11326.0
60651,2018,63892.0,52963.0,262700.0,29853.0,22885.0,20880.0,11326.0
60651,2019,63892.0,52963.0,262700.0,29853.0,22885.0,20880.0,11326.0
60651,2020,63892.0,52963.0,262700.0,29853.0,22885.0,20880.0,11326.0
60651,2021,63892.0,52963.0,262700.0,29853.0,22885.0,20880.0,11326.0
60651,2022,63892.0,52963.0,262700.0,29853.0,22885.0,20880.0,11326.0
60651,2023,63892.0,52963.0,262700.0,29853.0,22885.0,20880.0,11326.0
60651,2015,63892.0,52963.0,262700.0,29853.0,22885.0,20880.0,11326.0
60652,2016,41431.0,78559.0,235000.0,20978.0,13709.0,13353.0,1830.0
60652,2017,41431.0,78559.0,235000.0,20978.0,13709.0,13353.0,1830.0
60652,2018,41431.0,78559.0,235000.0,20978.0,13709.0,13353.0,1830.0
60652,2019,41431.0,78559.0,235000.0,20978.0,13709.0,13353.0,1830.0
60652,2020,41431.0,78559.0,235000.0,20978.0,13709.0,13353.0,1830.0
60652,2021,41431.0,78559.0,235000.0,20978.0,13709.0,13353.0,1830.0
60652,2022,41431.0,78559.0,235000.0,20978.0,13709.0,13353.0,1830.0
60652,2023,41431.0,78559.0,235000.0,20978.0,13709.0,13353.0,1830.0
60652,2015,41431.0,78559.0,235000.0,20978.0,13709.0,13353.0,1830.0
60653,2016,34608.0,39565.0,347800.0,16403.0,18279.0,16833.0,11631.0
60653,2017,34608.0,39565.0,347800.0,16403.0,18279.0,16833.0,11631.0
60653,2018,34608.0,39565.0,347800.0,16403.0,18279.0,16833.0,11631.0
60653,2019,34608.0,39565.0,347800.0,16403.0,18279.0,16833.0,11631.0
60653,2020,34608.0,39565.0,347800.0,16403.0,18279.0,16833.0,11631.0
60653,2021,34608.0,39565.0,347800.0,16403.0,18279.0,16833.0,11631.0
60653,2022,34608.0,39565.0,347800.0,16403.0,18279.0,16833.0,11631.0
60653,2023,34608.0,39565.0,347800.0,16403.0,18279.0,16833.0,11631.0
60653,2015,34608.0,39565.0,347800.0,16403.0,18279.0,16833.0,11631.0
60654,2016,24303.0,144831.0,495900.0,19819.0,17960.0,15955.0,10462.0
60654,2017,24303.0,144831.0,495900.0,19819.0,17960.0,15955.0,10462.0
60654,2018,24303.0,144831.0,495900.0,19819.0,17960.0,15955.0,10462.0
60654,2019,24303.0,144831.0,495900.0,19819.0,17960.0,15955.0,10462.0
60654,2020,24303.0,144831.0,495900.0,19819.0,17960.0,15955.0,10462.0
60654,2021,24303.0,144831.0,495900.0,19819.0,17960.0,15955.0,10462.0
60654,2022,24303.0,144831.0,495900.0,19819.0,17960.0,15955.0,10462.0
60654,2023,24303.0,144831.0,495900.0,19819.0,17960.0,15955.0,10462.0
60654,2015,24303.0,144831.0,495900.0,19819.0,17960.0,15955.0,10462.0
60655,2016,27794.0,114443.0,303300.0,14428.0,11277.0,10817.0,1794.0
60655,2017,27794.0,114443.0,303300.0,14428.0,11277.0,10817.0,1794.0
60655,2018,27794.0,114443.0,303300.0,14428.0,11277.0,10817.0,1794.0
60655,2019,27794.0,114443.0,303300.0,14428.0,11277.0,10817.0,1794.0
60655,2020,27794.0,114443.0,303300.0,14428.0,11277.0,10817.0,1794.0
60655,2021,27794.0,114443.0,303300.0,14428.0,11277.0,10817.0,1794.0
60655,2022,27794.0,114443.0,303300.0,14428.0,11277.0,10817.0,1794.0
60655,2023,27794.0,114443.0,303300.0,14428.0,11277.0,10817.0,1794.0
60655,2015,27794.0,114443.0,303300.0,14428.0,11277.0,10817.0,1794.0
60656,2016,28726.0,88000.0,344400.0,15972.0,12840.0,12392.0,4430.0
60656,2017,28726.0,88000.0,344400.0,15972.0,12840.0,12392.0,4430.0
60656,2018,28726.0,88000.0,344400.0,15972.0,12840.0,12392.0,4430.0
60656,2019,28726.0,88000.0,344400.0,15972.0,12840.0,12392.0,4430.0
60656,2020,28726.0,88000.0,344400.0,15972.0,12840.0,12392.0,4430.0
60656,2021,28726.0,88000.0,344400.0,15972.0,12840.0,12392.0,4430.0
60656,2022,28726.0,88000.0,344400.0,15972.0,12840.0,12392.0,4430.0
60656,2023,28726.0,88000.0,344400.0,15972.0,12840.0,12392.0,4430.0
60656,2015,28726.0,88000.0,344400.0,15972.0,12840.0,12392.0,4430.0
60657,2016,71268.0,109025.0,534500.0,52217.0,42246.0,39636.0,24596.0
60657,2017,71268.0,109025.0,534500.0,52217.0,42246.0,39636.0,24596.0
60657,2018,71268.0,109025.0,534500.0,52217.0,42246.0,39636.0,24596.0
60657,2019,71268.0,109025.0,534500.0,52217.0,42246.0,39636.0,24596.0
60657,2020,71268.0,109025.0,534500.0,52217.0,42246.0,39636.0,24596.0
60657,2021,71268.0,109025.0,534500.0,52217.0,42246.0,39636.0,24596.0
60657,2022,71268.0,109025.0,534500.0,52217.0,42246.0,39636.0,24596.0
60657,2023,71268.0,109025.0,534500.0,52217.0,42246.0,39636.0,24596.0
60657,2015,71268.0,109025.0,534500.0,52217.0,42246.0,39636.0,24596.0
60659,2016,42008.0,70033.0,358800.0,19855.0,14748.0,13612.0,7426.0
60659,2017,42008.0,70033.0,358800.0,19855.0,14748.0,13612.0,7426.0
60659,2018,42008.0,70033.0,358800.0,19855.0,14748.0,13612.0,7426.0
60659,2019,42008.0,70033.0,358800.0,19855.0,14748.0,13612.0,7426.0
60659,2020,42008.0,70033.0,358800.0,19855.0,14748.0,13612.0,7426.0
60659,2021,42008.0,70033.0,358800.0,19855.0,14748.0,13612.0,7426.0
60659,2022,42008.0,70033.0,358800.0,19855.0,14748.0,13612.0,7426.0
60659,2023,42008.0,70033.0,358800.0,19855.0,14748.0,13612.0,7426.0
60659,2015,42008.0,70033.0,358800.0,19855.0,14748.0,13612.0,7426.0
60660,2016,42750.0,66206.0,287500.0,26565.0,23508.0,21349.0,13365.0
60660,2017,42750.0,66206.0,287500.0,26565.0,23508.0,21349.0,13365.0
60660,2018,42750.0,66206.0,287500.0,26565.0,23508.0,21349.0,13365.0
60660,2019,42750.0,66206.0,287500.0,26565.0,23508.0,21349.0,13365.0
60660,2020,42750.0,66206.0,287500.0,26565.0,23508.0,21349.0,13365.0
60660,2021,42750.0,66206.0,287500.0,26565.0,23508.0,21349.0,13365.0
60660,2022,42750.0,66206.0,287500.0,26565.0,23508.0,21349.0,13365.0
60660,2023,42750.0,66206.0,287500.0,26565.0,23508.0,21349.0,13365.0
60660,2015,42750.0,66206.0,287500.0,26565.0,23508.0,21349.0,13365.0
60661,2016,11516.0,138831.0,397700.0,9556.0,8049.0,7475.0,5232.0
60661,2017,11516.0,138831.0,397700.0,9556.0,8049.0,7475.0,5232.0
60661,2018,11516.0,138831.0,397700.0,9556.0,8049.0,7475.0,5232.0
60661,2019,11516.0,138831.0,397700.0,9556.0,8049.0,7475.0,5232.0
60661,2020,11516.0,138831.0,397700.0,9556.0,8049.0,7475.0,5232.0
60661,2021,11516.0,138831.0,397700.0,9556.0,8049.0,7475.0,5232.0
60661,2022,11516.0,138831.0,397700.0,9556.0,8049.0,7475.0,5232.0
60661,2023,11516.0,138831.0,397700.0,9556.0,8049.0,7475.0,5232.0
60661,2015,11516.0,138831.0,397700.0,9556.0,8049.0,7475.0,5232.0
60666,2016,47534.65517241379,82238.43103448275,355367.2413793103,26321.931034482757,22230.862068965518,20085.793103448275,10888.51724137931
60666,2017,47534.65517241379,82238.43103448275,355367.2413793103,26321.931034482757,22230.862068965518,20085.793103448275,10888.51724137931
60666,2018,47534.65517241379,82238.43103448275,355367.2413793103,26321.931034482757,22230.862068965518,20085.793103448275,10888.51724137931
60666,2019,47534.65517241379,82238.43103448275,355367.2413793103,26321.931034482757,22230.862068965518,20085.793103448275,10888.51724137931
60666,2020,47534.65517241379,82238.43103448275,355367.2413793103,26321.931034482757,22230.862068965518,20085.793103448275,10888.51724137931
60666,2021,47534.65517241379,82238.43103448275,355367.2413793103,26321.931034482757,22230.862068965518,20085.793103448275,10888.51724137931
60666,2022,47534.65517241379,82238.43103448275,355367.2413793103,26321.931034482757,22230.862068965518,20085.793103448275,10888.51724137931
60666,2023,47534.65517241379,82238.43103448275,355367.2413793103,26321.931034482757,22230.862068965518,20085.793103448275,10888.51724137931
60666,2015,47534.65517241379,82238.43103448275,355367.2413793103,26321.931034482757,22230.862068965518,20085.793103448275,10888.51724137931
60707,2016,40897.0,82746.0,315300.0,21442.0,16590.0,15486.0,5525.0
60707,2017,40897.0,82746.0,315300.0,21442.0,16590.0,15486.0,5525.0
60707,2018,40897.0,82746.0,315300.0,21442.0,16590.0,15486.0,5525.0
60707,2019,40897.0,82746.0,315300.0,21442.0,16590.0,15486.0,5525.0
60707,2020,40897.0,82746.0,315300.0,21442.0,16590.0,15486.0,5525.0
60707,2021,40897.0,82746.0,315300.0,21442.0,16590.0,15486.0,5525.0
60707,2022,40897.0,82746.0,315300.0,21442.0,16590.0,15486.0,5525.0
60707,2023,40897.0,82746.0,315300.0,21442.0,16590.0,15486.0,5525.0
60707,2015,40897.0,82746.0,315300.0,21442.0,16590.0,15486.0,5525.0
60827,2016,24887.0,37648.0,123800.0,10351.0,11481.0,9372.0,5504.0
60827,2017,24887.0,37648.0,123800.0,10351.0,11481.0,9372.0,5504.0
60827,2018,24887.0,37648.0,123800.0,10351.0,11481.0,9372.0,5504.0
60827,2019,24887.0,37648.0,123800.0,10351.0,11481.0,9372.0,5504.0
60827,2020,24887.0,37648.0,123800.0,10351.0,11481.0,9372.0,5504.0
60827,2021,24887.0,37648.0,123800.0,10351.0,11481.0,9372.0,5504.0
60827,2022,24887.0,37648.0,123800.0,10351.0,11481.0,9372.0,5504.0
60827,2023,24887.0,37648.0,123800.0,10351.0,11481.0,9372.0,5504.0
60827,2015,24887.0,37648.0,123800.0,10351.0,11481.0,9372.0,5504.0
